galaxy,variant,n_points,r_max_kpc,distance_mpc,rmse_DeltaX_absolute,rmse_DeltaX_shape,rmse_DeltaX_shape_inner,rmse_DeltaX_shape_outer,rmse_V_absolute,rmse_V_scaled,V_scale_alpha,median_DeltaX_obs,median_DeltaX_pred
NGC4389,full,6,5.32,18.0,0.22032218110582658,0.05835502633789284,0.04034923596102748,0.06824804992599318,30.83601097105242,7.817787499310857,0.7225707245150886,0.5518527083088045,0.8225509547170289
UGC00634,full,4,18.01,30.9,1.140177396071047,0.07621692695781812,,,56.0628380399463,3.727293254555306,2.3649400906003546,1.9805313514308636,0.8643526973164865
UGC11557,full,12,10.56,24.2,0.20460055568372987,0.09858642117185978,0.08475197482430066,0.10969474675053142,17.624525775438943,8.22555423678607,1.3322592151631834,0.7538923540836939,0.5568889070177325
F574-2,full,5,10.83,89.1,0.12754333134627308,0.12146069684409774,0.10912150124385407,,4.616885234748176,3.5440932949775523,0.9094981333731825,0.8121961106410625,0.8558752083801702
NGC4051,full,7,12.19,18.0,0.17988170999494263,0.1350097340149614,0.1032062900015246,0.08113969768331375,28.972361706366282,23.299986926450682,1.137227889396346,0.8360962952284848,0.7489341761234041
UGC06923,full,6,5.16,18.0,0.5013619160774951,0.1528509311675187,0.11773000062464473,0.01897325990722961,29.909217998922873,9.024559967546447,1.7078965019690764,1.2469815301559737,0.6825984098163396
NGC4085,full,7,6.2,18.0,0.2011844869210626,0.15524798583543828,0.0581588875885976,0.1749913960313037,28.997100013674984,22.308617279155566,1.2000507192533567,0.8278735967004076,0.6265317946504455
NGC4138,full,7,18.58,18.0,0.42124217892781946,0.1692820523679766,0.025747235308182622,0.1338983283455551,54.33475687715879,20.706864695960085,1.4366780967880848,1.150722981067453,0.740770134614993
F567-2,full,5,9.59,79.0,0.5155134231441757,0.17046089380061777,0.1358833952258476,,17.190545771676334,5.3714462742876385,1.5718464320457821,1.2894360838641987,0.844158672326759
UGC02455,full,8,4.03,6.92,0.21927197902546958,0.1827083102616646,0.1359516473917914,0.06533846580851879,16.45454531949411,13.054409778710811,0.7900450583150185,0.4640513523855526,0.6588318786413794
UGC08837,full,8,4.2,7.21,0.42207846492638806,0.18317769680782828,0.2155139446693736,0.1365739517483855,11.844997752219214,3.866356069911581,1.5032399920645314,1.0952341026159707,0.7976643117858132
UGC05999,full,5,16.22,47.7,0.8944566702056012,0.19503118824109622,0.03453070263904841,,44.38249498913313,10.257635605416317,2.0347966514552627,1.750612881246101,0.8001963188341011
NGC5005,full,18,11.47,16.9,0.39790165712716213,0.2126452024941573,0.24498574268480708,0.17025871946794455,120.04991688055793,63.28567187614845,1.7148767032163807,0.8222555795259072,0.46772949123299656
UGC07232,full,4,0.82,2.83,0.4769008216057755,0.21999000337159222,,,11.358816737306466,4.505078106963624,1.4874889049399003,1.1523357808612062,0.8571588746088962
NGC3949,full,7,7.07,18.0,0.2767818696624383,0.22132595150213463,0.10951572623023889,0.04904233622050179,47.437767878185156,39.93908458836251,1.2082038018480916,0.8216715211780866,0.6188007474579625
UGC02023,full,5,3.78,10.4,0.38564175968213465,0.225405088982459,0.26368941245590705,,12.916908636958325,6.094557004551637,1.3983318455101135,0.9974492450653072,0.831367858104023
UGC09037,full,22,27.96,83.6,0.5651232708229771,0.22794111248137236,0.2005104338580742,0.2099918605871783,78.71277941748318,32.39139858591873,2.111315821455738,0.996312321777184,0.44731184556948855
NGC4068,full,6,2.33,4.37,0.3641697505213707,0.2314971487990869,0.317889699655251,0.07824387353748258,7.854026906067458,2.4764704012863747,1.3662286766743443,1.0669378716083961,0.8487725567552629
UGC06917,full,11,10.47,18.0,0.7992751186340452,0.23413682574234415,0.19931781531533374,0.2475454805814192,53.28137418660377,15.49735610645132,2.1798713982267666,1.4670013311527366,0.6973300890926678
IC4202,full,32,25.9,100.4,0.4086598744356282,0.23565169829782878,0.29017112877497175,0.13766680022857258,87.24130427039411,49.79081073610852,1.4828013927343104,1.0504627718973865,0.6921321879170816
F561-1,full,6,9.66,66.4,0.2899659283835891,0.24125264337531732,0.1763933363357437,0.16407274097802294,11.050535325064855,9.995845776478532,1.122593900317927,0.9626497613401533,0.7711955272549336
UGC06628,full,7,7.69,15.1,0.31850558299665055,0.24388441759076956,0.29455711914445865,0.057134760888627,11.26874205663547,8.111587901194932,1.2541597952590486,0.8644471804230079,0.657757041370662
DDO170,full,8,12.33,15.4,1.1134328414400867,0.2462189146111792,0.2655835562916408,0.15336758135504538,32.31978520353857,6.0173092214096044,2.4917884391117657,1.7973096062325626,0.7582339518600831
UGC07559,full,7,2.53,4.97,0.6538465187855453,0.24751344338109282,0.2647025168310551,0.15461464383540352,12.660825129986407,4.001098646667509,1.9520041666450239,1.3195608679816018,0.6581300393995905
UGC00191,full,9,9.98,17.1,0.860860602578342,0.24952630010204518,0.24842417427552785,0.2347698459079264,34.14096102822182,8.619560546677727,2.165704289660985,1.5913010282942333,0.7260414188670581
NGC6195,full,23,36.43,127.8,0.3865390111456944,0.25128989776555793,0.26446392913808164,0.17847029124004138,107.25163077275813,71.34046613643825,1.5239356071240109,0.8491983719316956,0.5176571145374816
NGC3877,full,13,11.35,18.0,0.2754981864561418,0.2541979364114908,0.20039150025429975,0.05616391870191497,38.11852832804601,37.098101136683844,1.06442077473889,0.8612549893371314,0.7429242688290194
NGC3953,full,8,15.68,18.0,0.3192217763947182,0.2600817959653712,0.32364756556474406,0.1464966927478752,68.84299879761507,56.38458439038845,1.2364781276079306,0.9197483238749501,0.7249967838664759
UGC07690,full,7,4.13,8.11,0.6902207595711364,0.26073666696209535,0.21624227007234972,0.18490956122320085,29.852781463095866,11.474703760108946,1.9862895011711497,1.2725826990798674,0.5499103583916134
UGC04499,full,9,8.18,12.5,0.8442381388297421,0.2659941526073939,0.2234643066157159,0.3098178171399442,36.295445829024764,10.909736517015185,2.272981817348203,1.4843747654867467,0.6078637922529904
CamB,full,9,1.79,3.36,0.2808367297077699,0.2661857968007544,0.22339159417105364,0.20645619887234817,3.987744697750357,3.6318019495565137,1.1646715339295635,0.6520835906036206,0.6814335721938094
UGC09992,full,5,3.89,10.7,0.5557847638578933,0.27421335289500043,0.3520057769126417,,13.680779922208744,6.089087906485326,1.636058130837611,1.217104341541153,0.7270123210407241
UGC07151,full,11,5.5,6.87,0.8071548724065443,0.2759525562318588,0.36422508627495553,0.08211307755253544,40.187306069591244,12.229806615328958,2.554532436601547,1.295399332886632,0.49751185196760933
F571-V1,full,7,13.59,80.1,1.1692358540450307,0.2782737415812525,0.3562194043312911,0.04021745790083246,46.5260894796354,10.244197108813134,2.7560427990601073,1.856139169723246,0.6580054875963798
UGC06973,full,9,7.85,18.0,0.2869353372214934,0.2835612338130318,0.11176308639328474,0.24072604217473434,62.80959731606107,61.54379324591857,0.9283489000885432,0.7799478580444084,0.7001753882567561
D512-2,full,4,3.83,15.2,0.8009252788330731,0.28875500884765887,,,15.739525910916184,4.636812716993096,1.8599340532447148,1.5871031471453856,0.8636973058908961
UGC00891,full,5,7.39,10.2,1.1560419872450856,0.28960026866488947,0.13359494075143002,,31.513740919487766,8.114963848854096,2.515339977643134,1.820100719219545,0.7400582090536039
UGC02885,full,19,74.07,80.6,0.9563928209116527,0.2936853529582585,0.24527436389889706,0.3104381201502914,211.66580561808794,66.1758870466356,3.5996388828896997,1.234867751072914,0.3309737165606001
NGC4217,full,19,16.72,18.0,0.4032011116535199,0.29502500267427667,0.12901368646139352,0.29073268831094795,70.47304178835539,56.86786073496521,1.3440262355476418,0.8863775252602303,0.575427958114937
UGC06930,full,10,16.61,18.0,0.7810379818962734,0.2982303310050774,0.2752940278974048,0.25031670336021694,52.88795338499583,19.279293899284404,2.0319255919850963,1.4292791043124742,0.6848310249751988
UGC01230,full,11,36.54,53.7,1.2155283572070088,0.3007084451391652,0.3365634173170265,0.18016535783756665,65.72341240323173,13.110733471680005,3.108430261013956,1.851603202238222,0.5813853420959253
NGC4088,full,12,21.48,18.0,0.36972216740450753,0.30174228403732345,0.30134780581964277,0.21297493756408856,66.30274116991862,58.5322058847107,1.254675617153677,0.7659700912409035,0.5075340288238077
UGC07323,full,10,5.82,8.0,0.5317864475225396,0.3039533120584317,0.3766949219013273,0.16749465858093743,25.44545104961831,10.024474471982462,1.595301385370982,1.1286548634271436,0.6344516114454068
UGC05750,full,11,22.85,58.7,0.7686542274416142,0.3056185798612873,0.3306086640354793,0.14103149485537061,26.635139155929146,7.150794707512771,1.9016936978849037,1.588137697106196,0.7505165010864182
UGC05414,full,6,4.11,9.4,0.6822905860101722,0.30625615021291325,0.3283316196021067,0.2204991759413236,24.62403254076002,9.826751001002435,1.95387318927052,1.296452652930446,0.6352383245269753
NGC3893,full,10,19.05,18.0,0.5795227488248047,0.31234580076366963,0.12091359528030061,0.08424862415297324,87.62660696218768,51.06909694577575,1.7086455438869173,1.0810379357165472,0.5187815209380902
UGC07866,full,7,2.32,4.57,0.7546603581766129,0.3162621643870566,0.41732605140695905,0.027225497157147737,13.051463856590038,3.80430404586832,1.9704279576619619,1.3819437251299584,0.690216544745775
UGC07089,full,12,9.16,18.0,0.647700159840402,0.31722049143625564,0.4049089885755424,0.19306872145759776,30.601248118238225,11.190885046125654,1.8685985294692602,1.2252455032274123,0.6715407783960918
F563-V1,full,6,7.87,54.0,0.4169511815247252,0.3280116050293311,0.40912731167369787,0.059388575763089736,7.364606155837846,5.0282874533426325,1.275927670311698,1.0041932328839243,0.7503735128871936
UGC06399,full,9,7.85,18.0,0.960018707958822,0.33638499159185564,0.3653763003459795,0.26018281766790946,41.38066933971168,11.001751641498778,2.29051174762866,1.6394975969353152,0.6737377119489687
NGC0300,full,25,11.8,2.08,1.215476637221516,0.336422880707891,0.2818271555828671,0.3787688938157909,57.57553911620294,15.959270802840601,3.1759266057081863,1.6875262972073692,0.5039954550809894
NGC3972,full,10,8.72,18.0,0.5646576040974595,0.33703149442898206,0.31456949549984253,0.13421403017921094,45.77652018655775,24.964499727750827,1.5665706756193858,1.201844564922058,0.733305856345938
NGC3992,full,9,46.02,23.7,0.6793992627504173,0.3495922034993168,0.19171699663813802,0.3536095354355231,127.28259569449088,64.84459352086873,1.8049683187943573,1.2367729039989568,0.6079260634354564
UGC05005,full,11,28.61,53.7,1.0761076118614725,0.35486155435707645,0.36403034399947126,0.22844003605201021,49.52258049544495,13.644775161986463,2.819192122777199,1.488082887810022,0.5615157493780495
UGC04305,full,22,5.52,3.45,0.44101359845878113,0.3599089145793873,0.38808701627249714,0.0954435134014449,12.510051520828634,9.88805322441109,1.3478889244662273,0.8904250617944882,0.6314080918111111
NGC3917,full,17,14.86,18.0,0.6472107497638863,0.36192864234120853,0.48232173170942577,0.12893934492440007,56.59419389245373,24.745574511775125,1.7697283989754375,1.2323263903016004,0.705010722646206
NGC2955,full,24,35.43,97.9,0.4814293553365491,0.362625130468406,0.35708061183567064,0.35787768395718583,123.32756564048518,93.18282801542087,1.522097583552965,0.8625363256593539,0.467612040883105
NGC0891,full,18,17.11,9.91,0.5097305719428608,0.36566001381779606,0.29143199039312284,0.26567344842243046,122.79340392414765,97.74183516143886,1.6074382126195903,0.8524894747158472,0.39379925574736674
NGC3521,full,41,17.74,7.7,0.5270147139983387,0.3707077493903142,0.2130057548879003,0.48130213654264503,118.41437151795131,75.53604194229203,1.888406032430689,0.7851944974790988,0.37385532705164953
NGC6946,full,58,20.4,5.52,0.6905777937937038,0.3758861634361582,0.2751759483859549,0.40480923676080344,112.56983746410206,62.09650354987296,2.623458018677446,0.9391161253223281,0.30288456221726445
DDO168,full,10,4.12,4.25,1.0353743625045622,0.3822221978191098,0.40737769543915964,0.3058939365388077,28.000398956790153,9.348795106980344,2.6174895567889434,1.7129784349800468,0.6180913500641283
NGC4559,full,32,20.97,9.0,0.8209069579328286,0.38576028286567404,0.18869728073686437,0.2489215935785615,76.10123469892439,35.93612490391189,2.715920248194318,1.166062811936749,0.3713579721788619
NGC2366,full,26,6.06,3.27,1.0812200951959277,0.3860679517645084,0.49535568053018325,0.2183442475635184,30.76682059157076,8.07414764385089,3.365737404578259,1.6157623641044934,0.4525020824699494
UGC11455,full,36,41.93,78.6,0.6244534960639488,0.3866380752181236,0.3468234787546648,0.40863755629514337,154.3795235228931,93.75588185350783,2.2717316317629628,0.8738037112344957,0.3134273251202928
UGC06818,full,8,6.98,18.0,0.7598899863134212,0.39058708818497206,0.2765893266347183,0.15879471571039935,31.29697810273251,15.918090027770736,2.048833784665444,1.3035902674773259,0.6123441793991754
NGC2976,full,27,2.27,3.58,0.43752080030005763,0.3909068748676697,0.3688170267379532,0.17627904259725397,17.263125823538378,15.421562245860615,1.1653052193964037,0.9552944041613751,0.6294242083713
UGC07577,full,9,1.69,2.59,0.4011119739426384,0.39651890602666773,0.5173379801868645,0.08079055870494026,2.3993751733299558,2.3762676293192606,1.0301320690521516,0.8800957900398471,0.8565767083788274
UGC10310,full,7,7.74,15.2,0.8622940518244212,0.4098316077593148,0.45314121571619614,0.09610316042101583,32.71673906280702,11.14326501673222,1.9486941125701358,1.5400422527923547,0.7575823392622588
NGC5985,full,33,34.72,39.7,0.913411708923673,0.4140737361200081,0.4575818805499733,0.3058603390909016,182.68779727119866,80.31569345633343,2.4845862316930294,1.3804891868485107,0.49803772081180603
NGC7793,full,46,7.87,3.61,0.7992550178424096,0.4182129065819229,0.3233182756891071,0.42002020281984903,61.40928544110351,30.958871959569944,3.500818708478131,0.9941730802439515,0.206165076998431
IC2574,full,34,10.23,3.91,0.9706294780307362,0.41845196116533123,0.4404853370579216,0.22928519529074562,26.979740226808133,9.210446856943806,2.2553754499620124,1.58319326387408,0.6937105546769373
UGC12732,full,16,15.4,13.2,1.4728194198030014,0.41957529273517785,0.4750676879831915,0.1269177004280152,57.752557979595565,13.593738936318413,3.781922762268993,1.9960877436412603,0.5325116825981093
NGC4010,full,12,10.47,18.0,0.6056973728510847,0.421551641858396,0.4798426240508522,0.31178549197733346,51.989889539432156,30.77563774654233,1.7394996328181616,1.1642467942689945,0.5986278375565961
NGC3726,full,12,32.52,18.0,0.633528832350047,0.42217023612222,0.29558423462804445,0.4374672540514537,82.67415169790172,58.906000027817484,1.6968248939489334,0.9333150393258629,0.5599348805309114
NGC0801,full,13,59.82,80.7,0.8338691294619645,0.4256909745318205,0.3468698504325819,0.2047173996142986,181.57451487155558,95.15334449076427,5.735637401878405,0.9129144225063438,0.11382284775515335
NGC5371,full,19,46.24,39.7,0.6132956757922859,0.4270753041120606,0.27320836065331267,0.5351255096783544,141.21763514550267,91.07547489257809,2.145611043094224,0.8833381896545248,0.3448874833378892
NGC7814,full,18,19.53,14.4,0.7967264712343763,0.42890413254615173,0.21387598056106794,0.3640674943106077,135.1444558881281,76.84542335910054,2.1081475941154126,1.2087694537299216,0.47183059658550097
F565-V2,full,7,8.8,51.8,1.6502071164650491,0.4325543220729815,0.38751650097193785,0.3689548168999647,44.274701173214474,9.993605617450498,3.15808162736619,2.443422117643127,0.6825642389433132
NGC5907,full,19,50.33,17.3,0.8327744555001894,0.43593514129690353,0.31080391938716956,0.33539860980414704,142.60249061966763,77.09315365093991,2.364523066154228,1.202724089818346,0.45361577613443915
NGC0055,full,21,13.5,2.11,0.8836398542522849,0.4384821616386991,0.30244564419331255,0.464337082861803,48.265496608970615,24.437241479258592,2.450825417031034,1.4624712390376278,0.4406595007209242
UGC07399,full,10,6.13,8.43,1.7259145893391827,0.43919846660276285,0.49775653813785675,0.2795337955870788,69.18654957585795,17.595914515753236,4.148393231538247,2.277029741002477,0.5478110989791471
NGC0100,full,21,9.62,13.5,0.9706875112502871,0.4398529046548769,0.2847276927104389,0.5537819582774157,46.57934383272398,19.543960399275026,2.60485270254752,1.4058227673508679,0.4878364582971849
UGC04483,full,8,1.21,3.34,0.9737341863601339,0.44476605015240983,0.5531177081893175,0.28796386333212426,12.332190523989501,4.124978123847017,2.586692274724156,1.5129293519112528,0.5207781191008738
NGC1090,full,24,30.09,37.0,0.8940862886371558,0.44562975057683507,0.3026668525181646,0.43929370267035844,124.90677504450711,60.57341047489554,4.287992123999732,1.04622948480631,0.1916903671061975
ESO079-G014,full,15,16.67,28.7,0.796701312370403,0.450351462516594,0.42755692776048243,0.28422216950387297,76.67767809924939,34.67604499589327,2.2180669730978866,1.2444586053601563,0.3586528650991743
ESO563-G021,full,30,42.41,60.8,0.9719367985644802,0.4505608504985996,0.39481309435585993,0.494758217279149,223.8877789093722,98.819675625478,4.436081501289801,1.1560441979659863,0.1936200461089438
NGC4100,full,24,22.76,18.0,0.7568284440654007,0.4585249463625989,0.41486187884355474,0.34042421259740274,106.72653771625801,71.3555371736699,1.9711703984937778,1.187410123014324,0.41276246419770946
UGC05716,full,12,12.37,21.3,1.603587073225131,0.45881467046462526,0.6027091792176161,0.2269922239888249,49.538529844649005,12.947780824665314,3.9398682179057913,2.165382878553604,0.5271005246851974
UGC07261,full,7,6.67,13.1,0.903538038934025,0.4592061727783431,0.5870532681598496,0.15861407426459626,38.499115947635296,16.50287365133983,2.1209815614359044,1.5371417635227682,0.6746535668940868
UGC07608,full,8,4.78,8.21,1.7047387300093753,0.46272770390596935,0.43309839548969364,0.4330286902347007,37.59801975647557,8.693774132494987,3.457536071199835,2.4275226778619476,0.6822848030271886
NGC0247,full,26,14.54,3.7,1.1130395140485432,0.47104284790989087,0.3920044870870519,0.24218753830596637,59.30720654503434,21.51172043541402,2.875605455410454,1.5543911784928297,0.44094325067537304
NGC2683,full,11,34.62,9.81,0.7185817958139301,0.4717118807742879,0.22523284388539497,0.3102393882900155,92.747891474093,63.327036691982855,1.6802731602149255,1.1810061919878447,0.45452385960153185
ESO116-G012,full,15,9.86,13.0,1.033798855605228,0.4764948489629319,0.5025916038870424,0.2835708068050799,60.593559930728176,22.700013437811297,2.7458237508861663,1.4577262875333339,0.497225327495258
UGC01281,full,25,4.99,5.27,1.2078276551339104,0.4775015790655018,0.4328403433003506,0.4803671515913884,27.01597342218732,9.683914432086006,3.0642418722020874,1.712653680640487,0.48443641668697046
UGC02916,full,43,38.0,65.4,0.6081724421973467,0.47764369193111345,0.38675497516138396,0.5570545505687036,116.51383013706499,85.67801765298753,1.707419771230821,0.9735256524694385,0.39506002998768114
D564-8,full,6,3.07,8.79,1.272483123144042,0.48035337569347536,0.20410665833500488,0.3605235846077816,13.367004398385808,5.092987963289579,2.7995150347590534,1.87813422615399,0.6521272055307797
F568-3,full,18,17.98,82.4,1.1520353207249163,0.4854967505005891,0.4706872361698354,0.4998667320083322,58.91113496386917,23.42797685835636,3.295102074041471,1.6422697497235719,0.42698232879801146
UGC11914,full,65,9.83,16.9,0.5938234162246635,0.4922451006837756,0.43810932679206954,0.410603006483318,172.10417444793416,141.90469875229857,1.6728277597071581,0.9406398159057956,0.32802967980582676
UGC08286,full,17,8.04,6.5,1.3768348691405088,0.5014163333109385,0.6247725513544945,0.2573891071103903,51.843091747082454,16.12244876294416,3.094111444277242,1.9300855019762757,0.6200905708518932
UGC08550,full,11,5.36,6.7,1.4086894328000705,0.5049943699370294,0.3734441069011847,0.3029989732499646,36.23312787860198,13.441131139327391,3.224474659232722,2.0478351161997117,0.5691874774941257
UGC06446,full,17,10.22,12.0,1.5528519460428218,0.5131024650587932,0.45601259754770734,0.4075105089198161,57.14410523648281,18.207768977619587,4.044807204823596,2.0106464381260625,0.4549842257207491
KK98-251,full,15,3.13,6.8,0.812530859427403,0.5131447952475886,0.6036438510923592,0.19013193937891096,10.912833560115743,4.478209212824038,1.7409265342146067,1.3802432558796327,0.5931388004197198
NGC7331,full,36,36.31,14.7,0.706199266236255,0.5142395361046931,0.31950974365710494,0.32981513721757355,163.98044114608848,128.09907185453162,1.9944992321011528,0.9006799693352254,0.27281739196307014
NGC4183,full,23,21.02,18.0,1.0507707054387818,0.5214967929059937,0.5498769335260638,0.4469962013561956,71.37412785379904,35.28130019470754,2.7711358611625863,1.4027952580033567,0.4014516178840682
NGC3769,full,12,37.16,18.0,0.9364673097560245,0.5519447870710777,0.24672428535613497,0.3258171749452414,68.28640438500956,46.03197738219149,1.8946598498580434,1.2885455639063554,0.5523099659001394
NGC4157,full,17,29.61,18.0,0.7021760694428318,0.5540197312230194,0.17968619304935204,0.5471444886357335,108.48437502060708,85.22266601777329,1.7143199618894498,0.9830079332344971,0.4330865938146728
F568-V1,full,15,17.63,80.6,1.7140917589903268,0.5645624141276598,0.5300685484428884,0.40943812541354424,76.79242772976474,21.71953406527698,4.222924567890196,2.2347602664246775,0.4992740347314746
UGC12632,full,15,10.66,9.77,1.3150636842286352,0.5702066185652825,0.5709790582704161,0.25572468144633753,42.316697093262746,15.176036474175431,2.923113502116412,1.8285326199353422,0.5514847956503889
UGC02259,full,8,8.14,10.5,1.3868522648714263,0.5807423411004659,0.7978127752915487,0.19474027578490208,54.46703956148138,16.70846937408007,2.9251949759938705,1.9137088963442954,0.6608941560161095
PGC51017,full,6,3.63,13.6,0.6378911153215772,0.5979461123047125,0.8447050654225894,0.02142943181042383,8.172459245491005,7.402202202675357,1.24330556479252,0.8743036160286559,0.6706098088251613
F574-1,full,14,12.6,96.8,1.3076647010122393,0.5987140155905702,0.684541640127805,0.44981191650738017,63.785961519814734,26.453641426973142,3.6329801833615267,1.7746321714011635,0.41171641663050645
NGC6789,full,4,0.71,3.52,1.245160301242285,0.6095548957425843,,,23.956371937926807,5.560317448988936,2.3013269056732764,1.8609954478918942,0.8410974435762193
UGC05253,full,73,53.29,22.9,0.7765121251776552,0.6305264582847668,0.3408307255233571,0.7720973970259223,169.7175980335503,129.91578052728224,2.1504660948427587,0.8752513354988066,0.2602521846427396
UGCA281,full,7,1.08,5.68,0.8645224598520401,0.6390600226269928,0.8451048157317427,0.02528744153436802,10.990108267979,4.04524659631322,1.7935902125239287,1.3798851615483974,0.7599891572150907
UGC07125,full,13,18.68,19.8,0.8885392320067498,0.6432093672064433,0.3226130382649128,0.8422565629840737,39.27091574344117,28.758194485979306,2.1398277909617067,1.356344436947655,0.505529883622168
UGC03546,full,30,29.23,28.7,0.7281500880383082,0.6460972953681775,0.2707694452579572,0.6307132410168174,139.95551262227772,119.92207148934604,1.6960154003252814,0.7704509423347039,0.2610728000787049
UGC08699,full,41,25.7,39.3,0.8764159986313107,0.6647832731749047,0.46323276351618214,0.8179448974131858,134.83328623155538,92.4828083032416,2.596493067119221,1.1243753366310973,0.26193893872570934
UGC07603,full,12,4.11,4.7,1.3365264210401584,0.6756813375666766,0.30116743579459737,0.7538785273448123,39.49719931045903,19.225427436897018,3.1009296032178546,1.793131542464903,0.5459839948832481
UGC03205,full,48,40.04,50.0,0.8567621256288973,0.6813633389449192,0.36431417053165005,0.8286500986585571,154.68732449399138,113.0304430055699,2.325675233775815,1.08881262431945,0.28726077038658404
UGC07524,full,31,10.69,4.74,1.1589202313615727,0.6934473194421399,0.5318586067813001,0.46775159688969403,42.14658026772966,23.860755290189253,2.32069364460854,1.6607144222732497,0.5130418474764226
NGC2903,full,34,24.96,6.6,0.8308425270619313,0.6959765765058791,0.28523644585226354,0.5504592054754791,133.83662390344148,113.35486650000107,1.925320490795196,0.9756566494139758,0.1923042274815788
NGC2998,full,13,42.28,68.1,1.1381436871301402,0.6993670093339645,0.8201412104351073,0.4102977947742962,165.06412398086155,75.08796863329339,6.1171011929914085,1.1635987294183687,0.15989286441503547
UGC04325,full,8,5.59,9.6,1.2283791383145721,0.7064731820774371,0.898178071614818,0.3279546355923105,51.175234032595334,22.17074579139232,2.3723728441080407,1.7171778053356097,0.645519079509111
NGC3109,full,25,6.45,1.33,1.7380939229975407,0.7123215515243014,0.910226858250234,0.3422070610844093,34.406610110312975,7.8960983543137635,3.198474530980073,2.3468228062034244,0.6908094159615967
UGC11820,full,10,15.82,18.1,1.3944003483766378,0.7353076262736855,0.7175317142464425,0.29695172014021604,40.596378305819364,12.88312427962449,3.25981288470716,1.846915704860528,0.3692360114091154
UGC06614,full,13,64.59,88.7,0.8348538172280192,0.7355635617827782,0.2158143783887028,1.0435015095385745,110.08055314025114,90.49423368277623,1.6218527961132922,0.9195761447673121,0.6175905583777275
UGC06983,full,17,15.68,18.0,1.2846558833034631,0.7369623554587194,0.3720473492070562,0.9934538772167802,77.39605141303207,42.9124246881749,3.288786884742981,1.7381208456224406,0.4544202524857496
F583-4,full,12,7.29,53.3,1.0712100069100747,0.7588424807682292,0.9866184306983786,0.2807648969499605,32.189777087295305,14.869380006684231,2.213001168164515,1.5075061871633302,0.6396718389261823
NGC6674,full,15,72.41,51.2,1.1535469276543944,0.7602361114972851,0.2797857285778089,0.8989795809350213,181.14486681205426,110.13622043006147,2.7643389708312798,1.4001080345856867,0.4096943423899816
UGC00128,full,22,53.75,64.5,1.8582217851089353,0.7656900617349485,0.673703655551851,0.7962404250964606,103.48768184308697,40.60673984009155,6.193445615611191,2.045838936432385,0.28196377492283975
NGC5055,full,28,54.59,9.9,0.9037413433196274,0.7797199166375853,0.29106744866292267,0.8871549203442105,147.96475371160912,116.84519739018539,2.605825825733104,0.9232722830864033,0.1786233371668733
UGC04278,full,25,6.69,9.51,1.1811461533805647,0.779813741561415,0.6617586488235204,0.719334393615017,39.79175947870485,25.337491307953556,2.1892300157671376,1.5698814589630306,0.4107915901956026
NGC5033,full,22,44.59,15.7,1.0754798163286208,0.7805957551247115,0.4515019630701111,0.5590240893874319,162.79935238457205,123.4234144989354,2.6075872959068898,1.3352448054920034,0.2301641007188303
UGC03580,full,47,27.06,20.7,0.8645745357392767,0.7837135725968142,0.3144039673010009,1.0686417567196453,66.24660618072738,57.29055787450989,1.8041654433001248,0.8051000544938036,0.2706385751295296
F568-1,full,12,13.23,90.7,1.5610172745325028,0.7861585884297995,0.8550247314377326,0.36640653009430296,73.20195397093795,32.26473385424588,2.7796872598795375,2.156814078488003,0.6852474323419442
NGC0024,full,29,11.27,7.3,1.2291536841209756,0.8014984935022853,0.6770987146636819,0.8286825370042139,66.06140271546626,40.81312955440191,2.9701304087862,1.4666971325128753,0.34293194409844246
UGC12506,full,31,49.99,100.6,1.3172913391228465,0.8090953286939637,0.9266899557558604,0.6564807077170061,179.72587084351224,82.09745760039445,3.865126183156452,1.5659653938359697,0.3663768610086592
UGC05829,full,11,6.91,8.64,1.2534592332317784,0.8127538636258846,0.6607150893190833,0.3381110856046644,28.337843817384652,15.879846727740341,2.0234997389467755,1.7504848906708772,0.5840897488983491
DDO161,full,31,13.37,7.5,1.4261304175150098,0.8383964479952403,0.5320728637729236,1.0434525304865885,48.36859541016624,26.058859883092197,9.986064092195948,1.5403201734207241,0.13669194545383614
NGC3198,full,43,44.08,13.8,1.0904377992322807,0.8412856153642453,0.41129892088666037,0.9708674661903494,105.95697145418542,78.68873979418544,3.1363158671556297,1.0756121539922903,0.21983907747933845
UGCA442,full,8,6.33,4.35,1.6505926918341882,0.8474635004096364,0.946863303078472,0.6245460874913755,33.77697281234723,13.18437958946599,3.187174274431199,2.092362421689624,0.6150391768787565
F579-V1,full,14,15.16,89.5,1.3190765535096929,0.8688624737212535,1.0911575198859225,0.17578737959742943,72.07485466406204,33.63549924397159,2.9259348122361084,1.5610852921205662,0.49269636614546464
NGC4214,full,14,5.63,2.87,1.4649971171382392,0.8803690414955203,0.591148807034666,0.6126017541263332,57.72314883757094,35.13458753506447,3.1635663652643253,1.7507387090515252,0.423243680639648
NGC6015,full,44,29.23,17.0,1.2130499646646455,0.8836329205893692,0.5518850493281516,0.7043101927308617,122.920562869474,89.26653509937086,3.7559337095556127,1.2099211501594065,0.16458941428164803
NGC5585,full,24,10.96,7.06,1.170439007390624,0.8866124378824296,0.3836254969513574,1.1880252466833876,59.626003328737475,43.551796822292744,4.810890182050642,1.1901917828115742,0.1983165937451454
ESO444-G084,full,7,4.44,4.83,2.025878779124124,0.8909058102526738,0.7357846466884218,0.694289845999673,38.32064467929767,14.77382436208534,3.709693511232739,2.253990068299717,0.6099543071299167
UGC05986,full,15,9.41,8.63,1.187730053820708,0.8950607472705033,0.33906508566086024,1.2553093926832746,72.27942644921502,50.33313196096043,2.493149904157023,1.5245664532548724,0.5791888019996829
F583-1,full,25,16.26,35.4,1.837470297168213,0.8975657627377255,0.9104211045190769,0.7580118246532773,48.165379413865175,20.571259186695762,4.846504844669108,2.272244975485289,0.3097834089609559
UGC06787,full,71,37.19,21.3,1.0574643152236636,0.9188210670637558,0.41769037892012445,1.2294871669727934,194.8070822627847,159.1304137851516,2.6578033505808967,1.0226141204736836,0.13306131094273888
UGC02953,full,115,62.39,16.5,1.0165371838970854,0.9190337169412005,0.609452949170784,1.1444714630870612,221.87731966212104,185.60200954199115,2.486812927040026,0.9296603116146539,0.12728594962747672
UGC06786,full,45,34.05,29.3,1.0891004882250948,0.9318014615897711,0.47914844517443694,1.2213569991122095,169.46904375316706,135.62566206147707,2.622847660858977,1.0660752110004184,0.2048044389906034
UGC05918,full,8,4.46,7.66,1.471497854028465,0.9372632355637618,1.1683098765465587,0.1683367333799538,22.38303429795735,10.130577301531561,2.3367007336376266,1.9858248390154316,0.7686332860127116
F571-8,full,13,15.55,53.3,1.118601185832043,0.9473758961428553,0.33286957371887,0.8207654984726852,77.41377252472167,68.5485702103268,1.9077395152215928,1.1361868362197667,0.30083305749867845
DDO064,full,14,2.98,6.8,1.2137551881948399,0.9492934306020543,1.2687160622543314,0.17432831318345834,17.436391445053548,6.784129054767848,1.854562227973032,1.6870529229427915,0.7930714664894698
UGC09133,full,68,108.31,57.1,1.059598210313212,0.9612018796144765,0.4229471611197337,1.2421326035000453,203.26006764106376,166.78456537720555,2.2901550199459577,1.012949756436624,0.16095937732151405
NGC2841,full,50,63.64,14.1,1.2040938035945552,1.0116784881243934,0.24202334654204172,1.2643918270026608,214.10963073529447,157.56571454890107,2.2882229003722623,1.2081337055803558,0.38929034305198007
NGC4013,full,36,31.01,18.0,1.0604035713889914,1.0390965046422767,0.38040538230006515,0.31258953687475555,134.36137193162338,129.86446546238858,1.3902458940980043,1.1527447909986486,0.0040308551406978204
NGC2403,full,73,20.87,3.16,1.2451675742540196,1.0585503570050774,0.45243275858159904,1.4003669586954461,93.98813431555656,76.20265212464018,3.124543599830364,1.0867378044365226,0.19334605650132639
F563-V2,full,10,10.47,59.7,1.6168110381744554,1.093521371698957,1.154319763389036,0.8266866850525597,63.06533442618801,34.110546769316905,2.5488708534312297,2.1523688767408866,0.6577814937307023
NGC6503,full,31,23.5,6.26,1.4085495409864248,1.1363956154430976,0.6997258909800458,0.8734459525803231,97.2284221929063,81.22040878304782,2.9561470815846436,1.5874054561665487,0.15520480994089245
UGC05764,full,10,3.62,7.47,2.0788181862868047,1.1464037379740026,1.3123723222024057,0.30915313020117935,34.27102920575747,12.23354437026538,3.39744865508725,2.528699660170096,0.6336077307012997
NGC0289,full,28,71.12,20.8,1.328025010153862,1.170634510186536,0.6251498276254528,0.8799276662101205,152.22904591674578,129.61655532059078,3.268320289281418,1.4778218460151982,0.08394740854206896
UGCA444,full,36,2.62,0.98,1.8306665432147184,1.1738338021468986,1.4935239459759544,0.5290650667836999,21.38112246964811,8.009862795879469,3.9719676555253725,2.0204726697978446,0.41463233121188914
UGC02487,full,17,80.38,69.1,1.3860381125596308,1.2549849024901343,0.9416903819131766,0.7392738928300117,320.13754541827694,285.52380667769864,3.1521228732129454,1.4770202371733607,0.07080334629264862
F563-1,full,17,20.1,48.9,2.2717739145178357,1.2705345291872707,1.0286139990500929,1.3954551295075948,82.85289797202208,47.0398558271486,7.014389164698384,2.618421693367368,0.20292502652446404
UGC05721,full,23,6.74,6.18,1.7913441421973397,1.3226831088260576,0.34353349792299787,1.726999984956119,62.91392621246861,42.710194418464845,4.80574611902912,2.0251910661482224,0.23737788916670613
D631-7,full,16,7.19,7.72,1.7121519651168453,1.3324748728608087,0.42477936796357824,1.4733674868153508,38.51580279647047,29.254128024115253,3.510314830156735,1.8231657471080283,0.351895413240094
UGC08490,full,30,10.15,4.65,1.8547459487529383,1.3731099480903672,0.45597093503934844,1.759035956441393,67.37164896900148,45.98103640423875,5.50838734950544,2.059243520216767,0.24390534368401368
DDO154,full,12,5.92,4.04,1.8820563471341518,1.3813406282442262,0.4472158798704018,1.8953065728196827,33.85076555735561,24.227999771889166,4.027911980764975,2.2726451529894875,0.4770408220361335
NGC1705,full,14,6.0,5.73,2.0100399569640333,1.499090008368015,0.5702259022372106,1.6902016749431634,57.80587169938188,40.89596643870018,3.5789841576778483,2.267615089465178,0.3713483062758812
UGC06667,full,9,7.85,18.0,2.52720095543961,1.5809075650364546,1.8943104152282846,0.27799149219335323,50.45845587714075,18.337559267764327,3.215888316993415,2.970588998042828,0.7296356040618502
NGC1003,full,36,30.24,11.4,1.7750315005875221,1.6095311918523474,0.5687574971775131,2.112938140086192,88.37967921063613,76.71821153559455,3.1420147369479277,1.8443203947701516,0.21811800444708274
UGC00731,full,12,10.91,12.5,2.2305153856999427,1.696930662253144,1.8809243936999454,0.3906258669309535,43.640438399068316,25.776476505261634,2.561829160709443,2.6092864949019137,0.6841211201052542
NGC2915,full,30,10.04,4.06,2.53035264633104,2.20911985293147,1.182746459930794,2.7195972092897014,71.19859942036382,62.590153699867216,4.556160627190539,2.8634607861291332,0.20179059486197543
NGC3741,full,21,7.0,3.21,2.642286165435116,2.4149991476402803,1.1260893370716538,0.8160669513409691,36.509276330477235,33.8307004390169,5.0938444459935175,2.8738473739094856,0.0026426574554177643
